date,time,action,ticker,price,quote
2026-01-05,17:03,SELL,IREN,47.02,"@VIP Taking profits on IREN at $47.02, incredible run the past few days, +25% from my avg, an"
2026-01-05,19:02,SELL,NKE,65.07,"@VIP Gonna be locking in more gains on some of my stocks here: @VIP NKE at $65.07, up 10% from my entry just 2 weeks ago @VIP ONDS at $11."
2026-01-05,19:02,SELL,NVO,54.71,"7, up 10% from my entry just 2 weeks ago @VIP ONDS at $11.81, up 82% from my average @VIP NVO at $54.71, up 16% from my entry @VIP All positions still have rema"
2026-01-05,19:02,SELL,ONDS,11.81,"on some of my stocks here: @VIP NKE at $65.07, up 10% from my entry just 2 weeks ago @VIP ONDS at $11.81, up 82% from my average @VIP NVO at $54.71, up 16% from"
2026-01-05,19:11,BUY,RGTZ,16.52,@VIP Opening a starter position in RGTZ at $16.52 to hedge. Remember that this is a hedge. Losses should
2026-01-06,19:07,SELL,RGTZ,18.01,"@VIP Locking in some profits here for RGTZ at $18.01, Beautiful 9% gains from our entry yesterday, an entire"
2026-01-08,15:57,SELL,ONDS,14.6,"@VIP Took profits on ONDS at $14.60, over 125% since our entry two months ago Only just hol"
2026-01-08,17:48,BUY,RGTZ,15.12,@VIP Added more into RGTZ at $15.12! back to around 3.5% of my portfolio now!
2026-01-14,15:38,SELL,RGTZ,17.52,"@VIP Took profits on RGTZ at $17.52, beautiful 12% in just a couple of days from my avg aft"
2026-01-14,16:03,BUY,SOFI,26.15,"@VIP Added a position in SOFI at $26.15, looking for mid-long term swing on this one. Around 2%"
2026-01-20,10:51,SELL,RGTZ,16.95,"@VIP Took profits on RGTZ at $16.95, up 14% from my last entry and 12% from my average. INC"
2026-01-20,17:21,BUY,RGTZ,14.15,"@VIP Bought back in more on RGTZ at $14.15, here we go again! Remember, even though we've been abs"
2026-01-21,16:01,SELL,RGTZ,15.8,"@VIP Took profits here on RGTZ at $15.80, absolutely unreal 12% gain in one day from our entry y"
2026-01-29,16:56,BUY,BMNR,26.97,@VIP Added BMNR at $26.97 (2% of portfolio) and ORCL at $164.52 (2% of portfolio)
2026-01-29,16:56,BUY,ORCL,164.52,@VIP Added BMNR at $26.97 (2% of portfolio) and ORCL at $164.52 (2% of portfolio). Mid term swings!
2026-01-29,17:32,BUY,MSFT,423.26,@VIP Buying MSFT at $423.26 for a long term investment! (Around 4% of portfolio al
2026-02-02,10:37,BUY,BMNR,22.17,"@VIP Added a bit more into BMNR at $22.17 (2% of portfolio), still bullish on crypto overall as l"
2026-02-03,21:04,BUY,HOOD,85.38,"rect crypto exposure, and it's heavily discounted here as well. Also doing a small buy on HOOD at $85.38, mid-long term swing. On a side note, IREN hit $50 agai"
2026-02-04,15:39,BUY,HIMS,25.96,"(2x Leveraged IREN)at $9.09, SPECULATIVE PLAY! Short term swing. TP $10+ @VIP @VIP Bought HIMS at $25.96, most likely holding as a long term investment for myse"
2026-02-05,20:12,SELL,AMAT,300.98,ive ones (Still have shares in all of them just trimming): META at $676.37 for a 10% gain AMAT at $300.98 for a 85% gain CMG at $39.01 for a 23% gain Buying wit
2026-02-05,20:12,SELL,CMG,39.01,"all of them just trimming): META at $676.37 for a 10% gain AMAT at $300.98 for a 85% gain CMG at $39.01 for a 23% gain Buying with a small postion: BTC at $66,0"
2026-02-05,20:12,SELL,META,676.37,cash to buy into more speculative ones (Still have shares in all of them just trimming): META at $676.37 for a 10% gain AMAT at $300.98 for a 85% gain CMG at $
2026-02-05,22:22,BUY,IREN,34.39,"@VIP Bought IREN at $34.39, mid-long term hold on this one with a small position."
2026-02-06,09:54,BUY,AMD,192.52,") IREN $33.34 CIFR $11.84 SOFI $18.97 (Safer long-term investments, allocated 4.5% total) AMD $192.52 MSFT $395.73 (Planning to build a bigger position in this)"
2026-02-06,09:54,BUY,AMZN,201.35,"ocated 4.5% total) AMD $192.52 MSFT $395.73 (Planning to build a bigger position in this) AMZN $201.35 (Crypto, allocated 0.5%) BTC $64,720.32 Yes, this is a ve"
2026-02-06,09:54,BUY,CIFR,11.84,"major news shocks. My buys here: (Volatile/Risky stocks, allocated 2% total) IREN $33.34 CIFR $11.84 SOFI $18.97 (Safer long-term investments, allocated 4.5% t"
2026-02-06,09:54,BUY,IREN,33.34,"xcluding any major news shocks. My buys here: (Volatile/Risky stocks, allocated 2% total) IREN $33.34 CIFR $11.84 SOFI $18.97 (Safer long-term investments, allo"
2026-02-06,09:54,BUY,MSFT,395.73,"4 CIFR $11.84 SOFI $18.97 (Safer long-term investments, allocated 4.5% total) AMD $192.52 MSFT $395.73 (Planning to build a bigger position in this) AMZN $201.3"
2026-02-06,09:54,BUY,SOFI,18.97,"shocks. My buys here: (Volatile/Risky stocks, allocated 2% total) IREN $33.34 CIFR $11.84 SOFI $18.97 (Safer long-term investments, allocated 4.5% total) AMD $1"
2026-02-06,13:14,SELL,IREN,39.85,@VIP TAKING PROFITS!! IREN at $39.85 up 20% from my average! This is what happens when you d
2026-02-06,18:35,SELL,IREN,44.02,"@VIP Taking PROFITS!! IREN at $44.02, up 30% BTC at $71,370.23, up 9% (or IBIT at $40.51, up"
2026-02-09,19:05,SELL,CIFR,16.75,@VIP Taking profits on CIFR at $16.75 for a 41% gain in 3 days Great buys recently Leaving so
2026-02-11,16:27,BUY,IRE,5.42,@VIP Bought IRE at $5.42 with a small position. VERY SPECULATIVE PLAY. Please mana
2026-02-11,16:55,SELL,IRE,5.75,"@VIP Trimming IRE at $5.75, 6% on these alrdy!"
2026-02-11,17:12,SELL,IRE,5.99,"@VIP Trimmed again IRE at $5.99, up 10% in 40 mins Holding runners now"
2026-02-12,17:40,BUY,HOOD,70.71,"after taking profits the past few days! Bought NFLX at $75.49 (Long term position) Bought HOOD at $70.71 (Mid swing) A lot of stocks are looking decent rn, some"
2026-02-12,17:40,BUY,NFLX,75.49,uy some more. I have too much cash on hand after taking profits the past few days! Bought NFLX at $75.49 (Long term position) Bought HOOD at $70.71 (Mid swing)
2026-02-18,16:23,SELL,HOOD,77.94,"@VIP Took profits on HOOD at $77.94, 10% profits in 6 days. Still holding most shares! Also"
2026-02-24,21:48,SELL,AMD,214.01,"@VIP Trimming some profits for AMD at $214.01, 11% gains. Gonna hold AMD shares for long term as well"
2026-02-25,17:03,SELL,NFLX,82.05,"@VIP Took profits on NFLX at $82.05, 9% gains. Holding for long term, just taking some prof"
2026-03-13,14:45,BUY,META,620.8,@VIP Added into MSFT at $402.24 and META at $620.80 as long term holds. Building large positions in both c
2026-03-13,14:45,BUY,MSFT,402.24,@VIP Added into MSFT at $402.24 and META at $620.80 as long term holds. Building large
2026-03-18,20:53,BUY,ADBE,246.55,"@VIP Added ADBE at $246.55 for a mid term swing, will add on further dips. I got"
2026-03-19,15:05,BUY,NVO,36.62,"@VIP Added NVO at $36.62, mid term swing for this one. Would love to see 10%+ on"
2026-03-25,15:34,SELL,AMD,219.05,"@VIP Took profits on AMD at $219.05 (14% profits), I love this stock for long term as well"
2026-03-26,18:07,BUY,META,552.71,"@VIP Added META at $552.71, I can't believe how beaten down the mag 7 is right no"
2026-03-27,16:50,BUY,AVGO,303.83,left in case the IRAN war gets worse. Will continue to add at key levels. @VIP Buys: @VIP AVGO $303.83 BABA $123.62 RDDT $121.72 ORCL $140.72
2026-03-27,16:50,BUY,BABA,123.62,the IRAN war gets worse. Will continue to add at key levels. @VIP Buys: @VIP AVGO $303.83 BABA $123.62 RDDT $121.72 ORCL $140.72
2026-03-27,16:50,BUY,ORCL,140.72,ill continue to add at key levels. @VIP Buys: @VIP AVGO $303.83 BABA $123.62 RDDT $121.72 ORCL $140.72
2026-03-27,16:50,BUY,RDDT,121.72,gets worse. Will continue to add at key levels. @VIP Buys: @VIP AVGO $303.83 BABA $123.62 RDDT $121.72 ORCL $140.72
2026-04-01,15:21,BUY,AMZN,210.38,"% Gains) RDDT $136.72 (+12% Gains) - I'm majority out now, holding the rest for long term AMZN $210.38 (+5% Gains) - Entered a while back Just freeing up cash f"
2026-04-01,15:21,BUY,IREN,35.24,ll percentages calculated if you entered with me a few days ago: ORCL $150.02 (+7% Gains) IREN $35.24 (+5% Gains) RDDT $136.72 (+12% Gains) - I'm majority out n
2026-04-01,15:21,BUY,ORCL,150.02,"s to free up some cash, all percentages calculated if you entered with me a few days ago: ORCL $150.02 (+7% Gains) IREN $35.24 (+5% Gains) RDDT $136.72 (+12% Ga"
2026-04-01,15:21,BUY,RDDT,136.72,"d if you entered with me a few days ago: ORCL $150.02 (+7% Gains) IREN $35.24 (+5% Gains) RDDT $136.72 (+12% Gains) - I'm majority out now, holding the rest for"
2026-04-01,20:29,SELL,AMD,210.09,ty. It'll be a complete toss up to what gets announced later so be prepared for anything. AMD $210.09 (+10% Gains) AMZN $210.72 (+5% Gains) LLY $957.91 (+39% Ga
2026-04-01,20:29,SELL,AMZN,210.72,oss up to what gets announced later so be prepared for anything. AMD $210.09 (+10% Gains) AMZN $210.72 (+5% Gains) LLY $957.91 (+39% Gains)
2026-04-01,20:29,SELL,LLY,957.91,nced later so be prepared for anything. AMD $210.09 (+10% Gains) AMZN $210.72 (+5% Gains) LLY $957.91 (+39% Gains)
2026-04-08,15:14,SELL,AMD,232.92,"sed out"" on. Trimming: IREN $39.04 (+15% profits from my avg) AVGO $347.50 (+15% profits) AMD $232.92 (+21% profits from my avg, majority exited) Holding the re"
2026-04-08,15:14,SELL,AVGO,347.5,"any positions that you ""missed out"" on. Trimming: IREN $39.04 (+15% profits from my avg) AVGO $347.50 (+15% profits) AMD $232.92 (+21% profits from my avg, maj"
2026-04-08,15:14,SELL,IREN,39.04,"ng can still happen, so don't FOMO into any positions that you ""missed out"" on. Trimming: IREN $39.04 (+15% profits from my avg) AVGO $347.50 (+15% profits) AMD"
2026-04-09,19:25,SELL,META,632.85,@VIP Took profits on META at $632.85. +12% from my average and +15% from our last entry. I
2026-04-10,16:23,SELL,AVGO,372.84,@VIP Took profits on AVGO at $372.84 (+23% gains). Insane run up over the past 2 weeks on t
2026-04-14,16:39,SELL,IREN,47.0,@VIP Incredibly green day today! Took profits on a couple positions: IREN $47 (+38% profits from my avg) NBIS $159.79 (+92% from my avg) Ho
2026-04-14,16:39,SELL,NBIS,159.79,green day today! Took profits on a couple positions: IREN $47 (+38% profits from my avg) NBIS $159.79 (+92% from my avg) Holding the rest for long term. I'm al
2026-04-14,16:39,BUY,NKE,43.3,"(+92% from my avg) Holding the rest for long term. I'm also setting a buy limit order for NKE at $43.30, this'll be a mid-long term trade."
2026-04-20,16:37,SELL,BABA,140.32,@VIP Took profits on BABA at $140.32 (+14% gains). I'm still actively looking for new entri
2026-04-22,16:12,BUY,DUOL,102.44,"@VIP Bought into a starter position for DUOL at $102.44, will be holding this position for long term (mid-long"
2026-04-22,16:16,SELL,AVGO,409.58,"@VIP Took profits on AVGO at $409.58 (+35% gains), majority out!"
2026-04-24,16:42,SELL,NVO,41.07,"@VIP Took profits on NVO at $41.07 (+12% gains), there's the 10% we were looking for, holdi"
2026-04-29,17:24,BUY,HOOD,71.12,"@VIP Adding HOOD at $71.12, mid-long term swing. Looking for 20%+ on this add. If"
2026-05-01,15:37,SELL,DUOL,113.5,"@VIP Took profits on DUOL at $113.50 (+11% gains), holding shares for long term as well!"
2026-05-04,16:55,SELL,HOOD,78.15,"@VIP Took profits on HOOD at $78.15 (+10% gains from entry), holding shares for long term a"
2026-05-06,17:35,SELL,AMD,418.75,"@VIP Took profits again on AMD at $418.75, +119% gains from our entry. Absolute monster of a run."
2026-05-06,17:35,SELL,IREN,60.27,"ever drops again to our previous levels again, ill be buying it up! Also took profits on IREN at $60.27, +77% gains from my average on this one. De-risking goi"
2026-05-07,16:39,BUY,SOFI,16.26,"@VIP Adding SOFI at $16.26, completely been beaten down recently but it's still ve"
2026-05-07,17:19,SELL,ORCL,197.78,@VIP Took profits on ORCL at $197.78 +29% gains from my average and +41% gains if you enter
2026-05-12,16:16,BUY,META,600.0,"yet or are still sitting in a decent entry range, here are a few names worth considering: META at $600, SOFI at $16.20, NOW at $90"
2026-05-12,16:16,SELL,NVO,46.81,"@VIP Took profits here on NVO at $46.81 (+28% profits here). Beautiful swing trade there, still"
2026-05-12,16:16,BUY,SOFI,16.2,"ll sitting in a decent entry range, here are a few names worth considering: META at $600, SOFI at $16.20, NOW at $90"
2026-05-18,16:36,BUY,NKE,42.12,@VIP Adding NKE at $42.12 for a mid-long swing. I like the turnaround story of NKE
2026-05-21,15:44,SELL,NBIS,212.75,@VIP Taking profits on NBIS at $212.75 for +144% gains from my average. Majority out now I'm
2026-05-26,16:02,BUY,DUOL,105.0,"sh on this long term, if it somehow drops to $350s again ill be aggressively buying) @VIP DUOL $105 (Ideally $90 range but a starter position now is decent, our"
2026-05-26,16:02,BUY,HOOD,73.0,"around 102 and TPed alrdy for 11%, but i'll be holding this long term) @VIP SOFI $15 @VIP HOOD $73 (We bought in at $71 and TPed at $78 but this is a very good"
2026-05-26,16:02,BUY,META,600.0,"them, they're just levels that are worth considering now, all with approximations): @VIP META $600 @VIP NOW $100 (We got in around $90 but I'm very bullish on"
2026-05-26,16:02,BUY,MSFT,400.0,"IP NOW $100 (We got in around $90 but I'm very bullish on it long term) @VIP NKE $42 @VIP MSFT $400 (Very bullish on this long term, if it somehow drops to $350"
2026-05-26,16:02,BUY,NKE,42.0,"META $600 @VIP NOW $100 (We got in around $90 but I'm very bullish on it long term) @VIP NKE $42 @VIP MSFT $400 (Very bullish on this long term, if it somehow"
2026-05-26,16:02,BUY,RDDT,125.0,"t this is a very good long term hold, definitely can consider a start position here) @VIP RDDT $125 (Ideal entry is $125, I have high conviction on this stock a"
2026-05-26,16:02,BUY,SOFI,15.0,"entry was at around 102 and TPed alrdy for 11%, but i'll be holding this long term) @VIP SOFI $15 @VIP HOOD $73 (We bought in at $71 and TPed at $78 but this i"
2026-05-28,16:34,SELL,ONDS,12.98,"@VIP Took profits on ONDS at $12.98 for a 100% gain from my average, INSANE pump today! Nea"
2026-05-29,17:41,SELL,HOOD,93.01,"@VIP Taking profits on HOOD at $93.01 (+31% from our last entry), still holding shares for lo"
2026-06-01,18:14,SELL,ADBE,274.56,@VIP Taking profits on ADBE at $274.56 (+11%)and NOW at $136.54 (+51%) . I'm still holding a
2026-06-02,19:01,SELL,ORCL,244.52,@VIP Taking profits on ORCL at $244.52 (+59% from my average). Holding for long term as well
2026-06-09,16:27,BUY,BABA,120.87,"@VIP Added BABA at $120.87, I love this company long term and ill be buying if it"
2026-06-09,18:24,BUY,COIN,151.44,"@VIP Bought CRWV at $94.89 and COIN at $151.44. FINALLY the market is pulling back a bit, more opport"
2026-06-09,18:24,BUY,CRWV,94.89,@VIP Bought CRWV at $94.89 and COIN at $151.44. FINALLY the market is pulling back
2026-06-16,16:15,BUY,ADBE,207.29,"7 days... Still holding shares but locking in these gains along the way! Also added into ADBE at $207.29, not a heavy add here - i've just bought back in what"
2026-06-16,16:15,SELL,CRWV,116.55,"@VIP Took profits on CRWV at $116.55 (+23%). Absolutely INSANE pump on this stock today, up"
2026-06-17,20:15,BUY,MSFT,383.52,s nice to see it finally playing out. Still holding shares for long term! Also added into MSFT at $383.52. Incredibly discounted company right now and an absolu
2026-06-18,15:46,BUY,ASTS,79.5,"@VIP Bought ASTS at $79.50 for a mid-long swing trade. Looking for a rebound here,"
2026-06-23,20:53,BUY,BABA,102.31,IFR at $28.01 (+96%) @VIP NVO at $46.76 (+16%) @VIP Added into: @VIP META at $562.37 @VIP BABA at $102.31 @VIP NFLX at $73.06 @VIP Rotating some profits from po
2026-06-23,20:53,SELL,CIFR,28.01,nts on my positions in my portfolio here: Took profits on @VIP UNH at $408.34 (+36%) @VIP CIFR at $28.01 (+96%) @VIP NVO at $46.76 (+16%) @VIP Added into: @VIP
2026-06-23,20:53,BUY,META,562.37,$408.34 (+36%) @VIP CIFR at $28.01 (+96%) @VIP NVO at $46.76 (+16%) @VIP Added into: @VIP META at $562.37 @VIP BABA at $102.31 @VIP NFLX at $73.06 @VIP Rotating
2026-06-23,20:53,BUY,NFLX,73.06,@VIP NVO at $46.76 (+16%) @VIP Added into: @VIP META at $562.37 @VIP BABA at $102.31 @VIP NFLX at $73.06 @VIP Rotating some profits from positions that have alr
2026-06-23,20:53,SELL,NVO,46.76,ortfolio here: Took profits on @VIP UNH at $408.34 (+36%) @VIP CIFR at $28.01 (+96%) @VIP NVO at $46.76 (+16%) @VIP Added into: @VIP META at $562.37 @VIP BABA a
2026-06-23,20:53,SELL,UNH,408.34,IP Made some small adjustments on my positions in my portfolio here: Took profits on @VIP UNH at $408.34 (+36%) @VIP CIFR at $28.01 (+96%) @VIP NVO at $46.76 (+
2026-06-29,20:42,SELL,ASTS,85.57,"@VIP Took profits on ASTS at $85.57 (+8%), INSANE run today! For everyone who was panicking"
2026-07-01,17:17,SELL,META,624.1,"@VIP Took profits on ZETA at $21.27 (+13% gains). Holding majority! Also trimmed some for META at $624.10 (+11% gains from my avg), the only reason im trimming"
2026-07-01,17:17,SELL,ZETA,21.27,@VIP Took profits on ZETA at $21.27 (+13% gains). Holding majority! Also trimmed some for M
2026-07-01,19:52,BUY,CRWV,87.25,"@VIP Added CRWV at $87.25, just adding back what I took out in profits earlier th"
2026-07-02,21:24,BUY,AAOI,114.78,@VIP Bought a small position into AAOI at $114.78. Extremely volatile stock so im sized very light. This
2026-07-07,18:39,BUY,ORCL,140.25,@VIP Added ORCL at $140.25. Just buying back what I took out from our perfect TP
2026-07-09,17:48,SELL,DUOL,131.4,"@VIP Took profits on DUOL at $131.40 (+28% gains), just a few runners left on this position"
2026-07-10,15:40,SELL,META,672.52,@VIP Took profits on META at $672.52 (+19% gains from my avg). I've been saying that this w
2026-07-15,16:49,BUY,DRAM,56.96,@VIP Bought into a small position in DRAM at $56.96. Keeping this position small because this ETF can move
2026-07-16,21:31,BUY,AAOI,99.78,tion) @VIP Added: @VIP ASTS $54.45 @VIP QCOM $170.36 (New position) @VIP CRWV $73.23 @VIP AAOI $99.78 @VIP DRAM $51.96 @VIP I'm still holding roughly 20–25% cas
2026-07-16,21:31,SELL,AMZN,251.9,"and are NOT meant to be your core holdings. Took profits on: @VIP UNH $423.52 (+41%) @VIP AMZN $251.90 (+25%) @VIP PYPL $56.98 (-19% from current price, overall"
2026-07-16,21:31,BUY,ASTS,54.45,"56.98 (-19% from current price, overall +2%. Fully closed this position) @VIP Added: @VIP ASTS $54.45 @VIP QCOM $170.36 (New position) @VIP CRWV $73.23 @VIP AAO"
2026-07-16,21:31,BUY,CRWV,73.23,closed this position) @VIP Added: @VIP ASTS $54.45 @VIP QCOM $170.36 (New position) @VIP CRWV $73.23 @VIP AAOI $99.78 @VIP DRAM $51.96 @VIP I'm still holding r
2026-07-16,21:31,BUY,DRAM,51.96,@VIP ASTS $54.45 @VIP QCOM $170.36 (New position) @VIP CRWV $73.23 @VIP AAOI $99.78 @VIP DRAM $51.96 @VIP I'm still holding roughly 20–25% cash under the curre
2026-07-16,21:31,SELL,PYPL,56.98,"our core holdings. Took profits on: @VIP UNH $423.52 (+41%) @VIP AMZN $251.90 (+25%) @VIP PYPL $56.98 (-19% from current price, overall +2%. Fully closed this p"
2026-07-16,21:31,BUY,QCOM,170.36,"current price, overall +2%. Fully closed this position) @VIP Added: @VIP ASTS $54.45 @VIP QCOM $170.36 (New position) @VIP CRWV $73.23 @VIP AAOI $99.78 @VIP DRA"
2026-07-16,21:31,SELL,UNH,423.52,erall market conditions and are NOT meant to be your core holdings. Took profits on: @VIP UNH $423.52 (+41%) @VIP AMZN $251.90 (+25%) @VIP PYPL $56.98 (-19% fro
2026-07-21,16:08,BUY,AAOI,111.45,rices so far: @VIP ASTS $61.71 (+13%) @VIP QCOM $172.81 (+1%) @VIP CRWV $77.05 (+5%) @VIP AAOI $111.45 (+12%) @VIP DRAM $57.06 (+10%) @VIP And it's been less th
2026-07-21,16:08,BUY,ASTS,61.71,"you're all in the green if it was your first entry, here the updated prices so far: @VIP ASTS $61.71 (+13%) @VIP QCOM $172.81 (+1%) @VIP CRWV $77.05 (+5%) @VIP"
2026-07-21,16:08,BUY,CRWV,77.05,"try, here the updated prices so far: @VIP ASTS $61.71 (+13%) @VIP QCOM $172.81 (+1%) @VIP CRWV $77.05 (+5%) @VIP AAOI $111.45 (+12%) @VIP DRAM $57.06 (+10%) @VI"
2026-07-21,16:08,BUY,DRAM,57.06,61.71 (+13%) @VIP QCOM $172.81 (+1%) @VIP CRWV $77.05 (+5%) @VIP AAOI $111.45 (+12%) @VIP DRAM $57.06 (+10%) @VIP And it's been less than 3 full trading days. F
2026-07-21,16:08,BUY,QCOM,172.81,"if it was your first entry, here the updated prices so far: @VIP ASTS $61.71 (+13%) @VIP QCOM $172.81 (+1%) @VIP CRWV $77.05 (+5%) @VIP AAOI $111.45 (+12%) @VI"
2026-07-21,19:11,SELL,AAOI,119.22,@VIP Took profits on: @VIP AAOI at $119.22 (+14% from my average) @VIP DRAM at $59.05 (+10% from
2026-07-21,19:11,SELL,DRAM,59.05,@VIP Took profits on: @VIP AAOI at $119.22 (+14% from my average) @VIP DRAM at $59.05 (+10% from my average) @VIP Will continue holding share
2026-07-23,19:35,BUY,GOOGL,319.74,"@VIP Bought GOOGL at $319.74, the current prices on most MAG 7 stocks are incredib"
2026-07-27,17:57,BUY,AAOI,94.35,"s on AAOI/DRAM, both sold at the very peak (check charts). Added small positions in: @VIP AAOI at $94.35 @VIP DRAM at $51.18 @VIP A lot of weakness right now in"
2026-07-27,17:57,BUY,DRAM,51.18,"sold at the very peak (check charts). Added small positions in: @VIP AAOI at $94.35 @VIP DRAM at $51.18 @VIP A lot of weakness right now in the markets, make s"
2026-07-29,06:59,BUY,AAOI,85.0,best times to start looking for adds! Added small positions in: @VIP DRAM at $43.74 @VIP AAOI at $85 @VIP CRWV at $65.50 @VIP Also opened a new position in: @V
2026-07-29,06:59,BUY,CRWV,65.5,art looking for adds! Added small positions in: @VIP DRAM at $43.74 @VIP AAOI at $85 @VIP CRWV at $65.50 @VIP Also opened a new position in: @VIP TSLA at $303
2026-07-29,06:59,BUY,DRAM,43.74,"pass, these are the best times to start looking for adds! Added small positions in: @VIP DRAM at $43.74 @VIP AAOI at $85 @VIP CRWV at $65.50 @VIP Also opened a"
2026-07-29,06:59,BUY,TSLA,303.0,M at $43.74 @VIP AAOI at $85 @VIP CRWV at $65.50 @VIP Also opened a new position in: @VIP TSLA at $303
2026-07-29,19:10,SELL,ADBE,263.3,"@VIP Taking profits on DUOL at $140.36 (+37% gains) and ADBE at $263.30 (+13% gains from my avg), if you entered in on my last"
2026-07-29,19:10,SELL,DUOL,140.36,@VIP Taking profits on DUOL at $140.36 (+37% gains) and ADBE at $263.30 (+13% gains from my a
2026-07-30,18:43,BUY,META,530.68,"it more on this one, will be adding back in if it drops! Rotating the profits into adding META at $530.68, we took a few TPs at around 625 and 670, now we're ba"
2026-07-30,18:43,SELL,MSFT,454.52,"@VIP Took profits on MSFT at $454.52 (+17% from my avg), absolutely incredible green day to"
2026-08-03,16:08,SELL,GOOGL,370.51,"ocks: @VIP META at $593.05 (+9% from my avg) @VIP MSFT at $490.21 (+26% from my avg) @VIP GOOGL at $370.51 (+16%) @VIP Perfect buys/adds recently, everyone shou"
2026-08-03,16:08,SELL,META,593.05,@VIP Took profits on a few MAG 7 stocks: @VIP META at $593.05 (+9% from my avg) @VIP MSFT at $490.21 (+26% from my a
2026-08-03,16:08,SELL,MSFT,490.21,@VIP Took profits on a few MAG 7 stocks: @VIP META at $593.05 (+9% from my avg) @VIP MSFT at $490.21 (+26% from my avg) @VIP GOOGL at $370.51 (+16%) @VIP P
2026-08-03,21:58,SELL,AAOI,109.68,@VIP Took profits on a few more positions here: @VIP AAOI at $109.68 (+17% from my avg) @VIP AMZN at $285.38 (+42%) @VIP OR
2026-08-03,21:58,SELL,AMZN,285.38,"P Took profits on a few more positions here: @VIP AAOI at $109.68 (+17% from my avg) @VIP AMZN at $285.38 (+42%) @VIP ORCL is also finally moving now, so many p"
2026-08-04,16:22,SELL,AAOI,128.47,@VIP Took profits on a few more positions! @VIP CRWV at $90.05 (+20% from my avg) @VIP AAOI at $128.47 (+37% from my avg) @VIP ZETA at $23.53 (+25%) @VIP We
2026-08-04,16:22,SELL,CRWV,90.05,@VIP Took profits on a few more positions! @VIP CRWV at $90.05 (+20% from my avg) @VIP AAOI at $128.47 (+37% from my a
2026-08-04,16:22,SELL,ZETA,23.53,ions! @VIP CRWV at $90.05 (+20% from my avg) @VIP AAOI at $128.47 (+37% from my avg) @VIP ZETA at $23.53 (+25%) @VIP We are SO GREEN! If you followed my exact t
2026-08-05,21:55,SELL,ZETA,27.49,@VIP Took profits on ZETA at $27.49 (+46%). Crazy post earnings run up today! Trimmed off m
2026-08-06,16:22,SELL,ASTS,73.82,"@VIP Took profits on ASTS at $73.82 (+17% from my avg), space sector is finally on the move"
2026-08-06,16:22,BUY,DUOL,114.59,"on the move again, huge rally today on our ASTS position! Added a very small position on DUOL at $114.59, looking to hopefully add more around $88 if it can ge"
2026-08-06,17:09,SELL,DUOL,140.36,"ust 40 mins on a slow moving stock We also caught the perfect TP last week as well - sold DUOL at $140.36 for +37%, and now we're printing again with a much low"
2026-08-07,15:57,SELL,DUOL,126.06,"@VIP Took profits on DUOL at $126.06 (+15% from my avg), if you opened a new position yeste"
2026-08-11,18:53,BUY,APP,321.51,@VIP Bought a starter position in APP at $321.51. This trade will take some time to play out - mid/long
2026-08-12,17:24,SELL,CRWV,107.35,@VIP Took profits on CRWV at $107.35 (+44% from my avg). MASSIVE run today! Holding shares
2026-08-13,21:11,SELL,DUOL,145.29,"@VIP Took profits on DUOL at $145.29 (+34% from my avg), DUOL is MOVING today! If you opene"
2026-08-14,21:51,SELL,AAOI,150.15,@VIP Took profits on AAOI at $150.15 (+60% from my avg). Absolutely incredible gains on thi
2026-08-17,19:17,SELL,DRAM,61.36,@VIP Took a small trim on DRAM at $61.36 (+25% from my avg). Memory still has plenty of upside p
2026-08-18,18:10,BUY,META,554.58,"@VIP Bought META at $554.58, pulling the trigger a little early here (ideal entry"
2026-08-20,17:55,SELL,BULL,9.09,"@VIP Took profits on BULL at $9.09 (+11%) and BTC at $72,475 (+11% from my avg). We've been"
2026-08-21,18:02,SELL,COIN,189.02,mall position in VST at $137.47. Took my first trim on TSLA at $362.88 (+20%) and trimmed COIN at $189.02 (+25%). Still holding shares for both TSLA/COIN for lo
2026-08-21,18:02,SELL,TSLA,362.88,@VIP Bought a small position in VST at $137.47. Took my first trim on TSLA at $362.88 (+20%) and trimmed COIN at $189.02 (+25%). Still holdi
2026-08-21,18:02,BUY,VST,137.47,@VIP Bought a small position in VST at $137.47. Took my first trim on TSLA at $362.88 (+20%) and trimm
2026-08-25,16:14,BUY,ASTS,61.2,"@VIP Bought a small position in ASTS at $61.20, buying back what we took profits out earlier this mont"
2026-08-27,17:41,SELL,ADBE,288.79,"@VIP Took profits on ADBE at $288.79 (+24% from my avg), incredible recent run on this stoc"
2026-08-27,19:11,SELL,BMNR,26.53,"@VIP Fully exited a few positions today with the huge pump: MSTR at $138.32, BMNR at $26.53, BULL at $9.30. These were the few underperforming stoc"
2026-08-27,19:11,SELL,BULL,9.3,"P Fully exited a few positions today with the huge pump: MSTR at $138.32, BMNR at $26.53, BULL at $9.30. These were the few underperforming stocks in my portfol"
2026-08-27,19:11,SELL,MSTR,138.32,"@VIP Fully exited a few positions today with the huge pump: MSTR at $138.32, BMNR at $26.53, BULL at $9.30. These were the few und"
2026-09-02,16:17,SELL,META,599.05,"@VIP Took profits on META at $599.05 (+10% from my avg), if you entered in my last alert yo"
2026-09-04,16:34,BUY,CRDO,170.12,"@VIP Bought a starter position in CRDO at $170.12, mid-long term swing timeframe on this. Looking for $2"
2026-09-08,16:52,SELL,DRAM,61.53,@VIP Taking a trim here on VST at $154.20 (+12%) and DRAM at $61.53 (+25% from my avg). We're green on nearly every single
2026-09-08,16:52,SELL,VST,154.2,@VIP Taking a trim here on VST at $154.20 (+12%) and DRAM at $61.53 (+25% from my avg). We're gre
